product_id;country_id;Price
300001;90;619.00
300002;90;379.00
300003;90;279.00
300004;90;549.00
300005;90;519.00
300006;90;529.00
300007;90;489.00
300008;90;519.00
300009;90;449.00
300010;90;359.00
300011;90;299.00
300012;90;169.00
300013;90;299.00
300014;90;299.00
300015;90;269.00
300016;90;345.00
300017;90;299.00
300018;90;415.00
300019;90;225.00
300020;90;219.00
300021;90;369.00
300022;90;299.00
300023;90;399.00
300024;90;339.00
300025;90;249.00
300026;90;439.00
300027;90;269.00
300028;90;339.00
300029;90;47.00
300030;90;33.00
300031;90;129.00
300032;90;249.00
300033;90;145.00
300034;90;115.00
300035;90;115.00
300036;90;83.00
300037;90;399.00
300038;90;399.00
300039;90;105.00
300040;90;89.00
300041;90;115.00
300042;90;149.00
300043;90;155.00
300044;90;89.00
300045;90;115.00
300046;90;49.00
300047;90;139.00
300048;90;195.00
300049;90;155.00
300050;90;115.00
300051;90;155.00
300052;90;169.00
300053;90;699.00
300054;90;269.00
300055;90;135.00
300056;90;149.00
300057;90;269.00
300058;90;219.00
300059;90;269.00
300060;90;105.00
300061;90;155.00
300062;90;95.00
300063;90;129.00
300064;90;199.00
300065;90;149.00
300066;90;99.00
300067;90;235.00
300068;90;129.00
300069;90;115.00
300070;90;99.00
300071;90;199.00
300072;90;119.00
300073;90;105.00
300074;90;105.00
300075;90;169.00
300076;90;199.00
300077;90;145.00
300078;90;135.00
300079;90;159.00
300080;90;159.00
300081;90;159.00
300082;90;159.00
300083;90;269.00
300084;90;269.00
300085;90;519.00
300086;90;159.00
300087;90;159.00
300088;90;159.00
300089;90;189.00
300090;90;189.00
300091;90;189.00
300092;90;189.00
300093;90;189.00
300094;90;499.00
300095;90;269.00
300096;90;189.00
300097;90;189.00
300098;90;499.00
300099;90;499.00
300100;90;169.00
300101;90;269.00
300102;90;579.00
300103;90;819.00
300104;90;749.00
300105;90;309.00
300106;90;459.00
300107;90;319.00
300108;90;479.00
300109;90;379.00
300110;90;279.00
300111;90;299.00
300112;90;179.00
300113;90;279.00
300114;90;329.00
300115;90;219.00
300116;90;499.00
300117;90;549.00
300118;90;549.00
300119;90;349.00
300120;90;399.00
300121;90;129.00
300122;90;699.00
300123;90;299.00
300124;90;299.00
300125;90;549.00
300126;90;549.00
300127;90;549.00
300128;90;549.00
300129;90;549.00
300130;90;549.00
300131;90;349.00
300132;90;99.00
300133;90;249.00
300134;90;249.00
300135;90;99.00
300136;90;199.00
300137;90;449.00
300138;90;979.00
300139;90;979.00
300140;90;449.00
300141;90;979.00
300142;90;979.00
300143;90;449.00
300144;90;449.00
300145;90;449.00
300146;90;449.00
300147;90;449.00
300148;90;299.00
300149;90;299.00
300150;90;289.00
300151;90;269.00
300152;90;189.00
300153;90;449.00
300154;90;249.00
300155;90;395.00
300156;90;949.00
300157;90;199.00
300158;90;429.00
300159;90;99.00
300160;90;279.00
300161;90;349.00
300162;90;119.00
300163;90;219.00
300164;90;329.00
300165;90;829.00
300166;90;819.00
300167;90;3699.00
300168;90;819.00
300169;90;819.00
300170;90;370.00
300171;90;539.00
300172;90;268.00
300173;90;1749.00
300174;90;1879.00
300175;90;539.00
300176;90;2199.00
300177;90;499.00
300178;90;499.00
300179;90;389.00
300180;90;739.00
300181;90;389.00
300182;90;429.00
300183;90;209.00
300184;90;389.00
300185;90;429.00
300186;90;209.00
300187;90;599.00
300188;90;599.00
300189;90;395.00
300190;90;599.00
300191;90;599.00
300192;90;349.00
300193;90;489.00
300194;90;349.00
300195;90;489.00
300196;90;899.00
300197;90;579.00
300198;90;489.00
300199;90;439.00
300200;90;439.00
300201;90;439.00
300202;90;439.00
300203;90;519.00
300204;90;899.00
300205;90;599.00
300206;90;579.00
300207;90;579.00
300208;90;579.00
300209;90;579.00
300210;90;579.00
300211;90;579.00
300212;90;399.00
300213;90;349.00
300214;90;689.00
300215;90;899.00
300216;90;259.00
300217;90;2290.00
300218;90;2690.00
300219;90;649.00
300220;90;579.00
300221;90;679.00
300222;90;579.00
300223;90;579.00
300224;90;579.00
300225;90;579.00
300226;90;679.00
300227;90;649.00
300228;90;399.00
300229;90;199.00
300230;90;319.00
300231;90;279.00
300232;90;349.00
300233;90;159.00
300234;90;299.00
300235;90;349.00
300236;90;159.00
300237;90;299.00
300238;90;279.00
300239;90;269.00
300240;90;219.00
300241;90;349.00
300242;90;395.00
300243;90;349.00
300244;90;649.00
300245;90;1049.00
300246;90;1199.00
300247;90;2699.00
300248;90;970.00
300249;90;899.00
300250;90;499.00
300251;90;299.00
300252;90;349.00
300253;90;269.00
300254;90;169.00
300255;90;199.00
300256;90;199.00
300257;90;199.00
300258;90;179.00
300259;90;429.00
300260;90;429.00
300261;90;259.00
300262;90;179.00
300263;90;429.00
300264;90;2590.00
300265;90;1399.00
300266;90;3389.00
300267;90;569.00
300268;90;569.00
300269;90;569.00
300270;90;569.00
300271;90;429.00
300272;90;529.00
300273;90;369.00
300274;90;2499.00
300275;90;649.00
300276;90;649.00
300277;90;2399.00
300278;90;2899.00
300279;90;599.00
300280;90;599.00
300281;90;2399.00
300282;90;579.00
300283;90;2650.00
300284;90;899.00
300285;90;799.00
300286;90;544.00
300287;90;340.00
300288;90;1129.00
300289;90;899.00
300290;90;1699.00
300291;90;1129.00
300292;90;1129.00
300293;90;255.00
300294;90;539.00
300295;90;1399.00
300296;90;1699.00
300297;90;889.00
300298;90;349.00
300299;90;1329.00
300300;90;1329.00
300301;90;1069.00
300302;90;599.00
300303;90;1599.00
300304;90;999.00
300305;90;1299.00
300306;90;1299.00
300307;90;529.00
300308;90;449.00
300309;90;369.00
300310;90;999.00
300311;90;449.00
300312;90;289.00
300313;90;459.00
300314;90;799.00
300315;90;599.00
300316;90;479.00
300317;90;1199.00
300318;90;419.00
300319;90;679.00
300320;90;1799.00
300321;90;869.00
300322;90;1299.00
300323;90;1829.00
300324;90;599.00
300325;90;899.00
300326;90;2349.00
300327;90;1749.00
300328;90;849.00
300329;90;809.00
300330;90;1449.00
300331;90;769.00
300332;90;1649.00
300333;90;1149.00
300334;90;1099.00
300335;90;1339.00
300336;90;1229.00
300337;90;1259.00
300338;90;1599.00
300339;90;5499.00
300340;90;1299.00
300341;90;5699.00
300342;90;6499.00
300343;90;4999.00
300344;90;2699.00
300345;90;11999.00
300346;90;599.00
300347;90;899.00
300348;90;819.00
300349;90;819.00
300350;90;433.00
300351;90;649.00
300352;90;440.00
300353;90;440.00
300354;90;839.00
300355;90;909.00
300356;90;440.00
300357;90;649.00
300358;90;649.00
300359;90;454.00
300360;90;299.00
300361;90;599.00
300362;90;599.00
300363;90;999.00
300364;90;999.00
300365;90;999.00
300366;90;459.00
300367;90;999.00
300368;90;489.00
300369;90;739.00
300370;90;739.00
300371;90;739.00
300372;90;419.00
300373;90;649.00
300374;90;369.00
300375;90;659.00
300376;90;939.00
300377;90;1169.00
300378;90;649.00
300379;90;829.00
300380;90;699.00
300381;90;759.00
300382;90;1169.00
300383;90;889.00
300384;90;649.00
300385;90;699.00
300386;90;899.00
300387;90;1099.00
300388;90;699.00
300389;90;699.00
300390;90;749.00
300391;90;749.00
300392;90;649.00
300393;90;1169.00
300394;90;1099.00
300395;90;559.00
300396;90;429.00
300397;90;429.00
300398;90;799.00
300399;90;799.00
300400;90;699.00
300401;90;699.00
300402;90;639.00
300403;90;639.00
300404;90;639.00
300405;90;949.00
300406;90;949.00
300407;90;949.00
300408;90;949.00
300409;90;949.00
300410;90;949.00
300411;90;1999.00
300412;90;999.00
300413;90;999.00
300414;90;1099.00
300415;90;1539.00
300416;90;1559.00
300417;90;1539.00
300418;90;1649.00
300419;90;1449.00
300420;90;1849.00
300421;90;869.00
300422;90;2599.00
300423;90;789.00
300424;90;849.00
300425;90;1749.00
300426;90;969.00
300427;90;969.00
300428;90;959.00
300429;90;1099.00
300430;90;1499.00
300431;90;709.00
300432;90;719.00
300433;90;749.00
300434;90;1299.00
300435;90;1099.00
300436;90;1199.00
300437;90;979.00
300438;90;1199.00
300439;90;979.00
300440;90;979.00
300441;90;1199.00
300442;90;979.00
300443;90;1199.00
300444;90;1399.00
300445;90;1299.00
300446;90;999.00
300447;90;1099.00
300448;90;999.00
300449;90;1739.00
300450;90;1739.00
300451;90;1599.00
300452;90;919.00
300453;90;579.00
300454;90;579.00
300455;90;299.00
300456;90;579.00
300457;90;1599.00
300458;90;579.00
300459;90;919.00
300460;90;399.00
300461;90;399.00
300462;90;399.00
300463;90;399.00
300464;90;399.00
300465;90;399.00
300466;90;349.00
300467;90;349.00
300468;90;349.00
300469;90;349.00
300470;90;639.00
300471;90;529.00
300472;90;529.00
300473;90;529.00
300474;90;529.00
300475;90;529.00
300476;90;529.00
300477;90;369.00
300478;90;369.00
300479;90;569.00
300480;90;399.00
300481;90;399.00
300482;90;399.00
300483;90;399.00
300484;90;399.00
300485;90;1429.00
300486;90;1429.00
300487;90;1429.00
300488;90;1599.00
300489;90;1599.00
300490;90;999.00
300491;90;1599.00
300492;90;1599.00
300493;90;1799.00
300494;90;1699.00
300495;90;1699.00
300496;90;2999.00
300497;90;799.00
300498;90;1189.00
300499;90;1699.00
300500;90;1099.00
300501;90;2599.00
300502;90;699.00
300503;90;1199.00
300504;90;699.00
300505;90;999.00
300506;90;1189.00
300507;90;679.00
300508;90;549.00
300509;90;679.00
300510;90;2299.00
300511;90;679.00
300512;90;1249.00
300513;90;2299.00
300514;90;679.00
300515;90;1399.00
300516;90;3849.00
300517;90;769.00
300518;90;769.00
300519;90;2499.00
300520;90;749.00
300521;90;2499.00
300522;90;749.00
300523;90;749.00
300524;90;1649.00
300525;90;2899.00
300526;90;2959.00
300527;90;2959.00
300528;90;2959.00
300529;90;2759.00
300530;90;2899.00
300531;90;2749.00
300532;90;2799.00
300533;90;2749.00
300534;90;3299.00
300535;90;3299.00
300536;90;499.00
300537;90;1399.00
300538;90;479.00
300539;90;1069.00
300540;90;369.00
300541;90;369.00
300542;90;1999.00
300543;90;829.00
300544;90;829.00
300545;90;149.00
300546;90;149.00
300547;90;149.00
300548;90;149.00
300549;90;149.00
300550;90;539.00
300551;90;899.00
300552;90;699.00
300553;90;279.00
300554;90;219.00
300555;90;155.00
300556;90;205.00
300557;90;205.00
300558;90;205.00
300559;90;205.00
300560;90;119.00
300561;90;219.00
300562;90;219.00
300563;90;119.00
300564;90;119.00
300565;90;119.00
300566;90;99.00
300567;90;99.00
300568;90;419.00
300569;90;419.00
300570;90;419.00
300571;90;419.00
300572;90;199.00
300573;90;259.00
300574;90;199.00
300575;90;99.00
300576;90;149.00
300577;90;139.00
300578;90;459.00
300579;90;115.00
300580;90;99.00
300581;90;139.00
300582;90;115.00
300583;90;139.00
300584;90;115.00
300585;90;199.00
300586;90;199.00
300587;90;199.00
300588;90;259.00
300589;90;259.00
300590;90;259.00
300591;90;479.00
300592;90;479.00
300593;90;479.00
300594;90;319.00
300595;90;319.00
300596;90;479.00
300597;90;479.00
300598;90;479.00
300599;90;319.00
300600;90;479.00
300601;90;479.00
300602;90;599.00
300603;90;599.00
300604;90;599.00
300605;90;599.00
300606;90;599.00
300607;90;599.00
300608;90;599.00
300609;90;599.00
300610;90;599.00
300611;90;599.00
300612;90;599.00
300613;90;599.00
300614;90;569.00
300615;90;569.00
300616;90;569.00
300617;90;569.00
300618;90;569.00
300619;90;569.00
300620;90;569.00
300621;90;479.00
300622;90;319.00
300623;90;299.00
300624;90;299.00
300625;90;299.00
300626;90;299.00
300627;90;479.00
300628;90;219.00
300629;90;219.00
300630;90;219.00
300631;90;219.00
300632;90;219.00
300633;90;219.00
300634;90;219.00
300635;90;219.00
300636;90;999.00
300637;90;999.00
300638;90;999.00
300639;90;999.00
300640;90;999.00
300641;90;999.00
300642;90;1099.00
300643;90;999.00
300644;90;1199.00
300645;90;999.00
300646;90;349.00
300647;90;269.00
300648;90;349.00
300649;90;269.00
300650;90;269.00
300651;90;349.00
300652;90;269.00
300653;90;349.00
300654;90;349.00
300655;90;349.00
300656;90;269.00
300657;90;389.00
300658;90;259.00
300659;90;389.00
300660;90;259.00
300661;90;389.00
300662;90;259.00
300663;90;389.00
300664;90;259.00
300665;90;389.00
300666;90;389.00
300667;90;259.00
300668;90;225.00
300669;90;259.00
300670;90;799.00
300671;90;259.00
300672;90;225.00
300673;90;259.00
300674;90;259.00
300675;90;225.00
300676;90;619.00
300677;90;799.00
300678;90;259.00
300679;90;225.00
300680;90;259.00
300681;90;259.00
300682;90;229.00
300683;90;259.00
300684;90;259.00
300685;90;229.00
300686;90;259.00
300687;90;259.00
300688;90;209.00
300689;90;269.00
300690;90;329.00
300691;90;269.00
300692;90;269.00
300693;90;209.00
300694;90;269.00
300695;90;209.00
300696;90;209.00
300697;90;269.00
300698;90;329.00
300699;90;209.00
300700;90;399.00
300701;90;399.00
300702;90;479.00
300703;90;399.00
300704;90;269.00
300705;90;399.00
300706;90;269.00
300707;90;399.00
300708;90;479.00
300709;90;399.00
300710;90;399.00
300711;90;399.00
300712;90;399.00
300713;90;399.00
300714;90;479.00
300715;90;269.00
300716;90;399.00
300717;90;399.00
300718;90;399.00
300719;90;399.00
300720;90;399.00
300721;90;399.00
300722;90;399.00
300723;90;379.00
300724;90;409.00
300725;90;409.00
300726;90;379.00
300727;90;409.00
300728;90;329.00
300729;90;379.00
300730;90;409.00
300731;90;379.00
300732;90;409.00
300733;90;379.00
300734;90;379.00
300735;90;379.00
300736;90;719.00
300737;90;719.00
300738;90;719.00
300739;90;719.00
300740;90;719.00
300741;90;1259.00
300742;90;899.00
300743;90;719.00
300744;90;899.00
300745;90;719.00
300746;90;299.00
300747;90;299.00
300748;90;299.00
300749;90;579.00
300750;90;579.00
300751;90;579.00
300752;90;499.00
300753;90;499.00
300754;90;499.00
300755;90;499.00
300756;90;499.00
300757;90;219.00
300758;90;239.00
300759;90;239.00
300760;90;239.00
300761;90;239.00
300762;90;239.00
300763;90;239.00
300764;90;239.00
300765;90;239.00
300766;90;219.00
300767;90;219.00
300768;90;219.00
300769;90;1099.00
300770;90;1199.00
300771;90;1099.00
300772;90;219.00
300773;90;239.00
300774;90;239.00
300775;90;239.00
300776;90;239.00
300777;90;239.00
300778;90;239.00
300779;90;239.00
300780;90;239.00
300781;90;219.00
300782;90;219.00
300783;90;219.00
300784;90;899.00
300785;90;1099.00
300786;90;599.00
300787;90;599.00
300788;90;599.00
300789;90;899.00
300790;90;1399.00
300791;90;599.00
300792;90;599.00
300793;90;599.00
300794;90;599.00
300795;90;599.00
300796;90;279.00
300797;90;839.00
300798;90;549.00
300799;90;1199.00
300800;90;399.00
300801;90;799.00
300802;90;279.00
300803;90;729.00
300804;90;269.00
300805;90;159.00
300806;90;199.00
300807;90;349.00
300808;90;249.00
300809;90;185.00
300810;90;669.00
300811;90;329.00
300812;90;399.00
300813;90;109.00
300814;90;109.00
300815;90;319.00
300816;90;679.00
300817;90;799.00
300818;90;1039.00
300819;90;679.00
300820;90;339.00
300821;90;249.00
300822;90;1499.00
300823;90;1099.00
300824;90;1499.00
300825;90;1999.00
300826;90;2799.00
300827;90;1999.00
300828;90;679.00
300829;90;2199.00
300830;90;1349.00
300831;90;2935.00
300832;90;799.00
300833;90;1559.00
300834;90;679.00
300835;90;679.00
300836;90;749.00
300837;90;589.00
300838;90;259.00
300839;90;359.00
300840;90;399.00
300841;90;79.00
300842;90;139.00
300843;90;199.00
300844;90;139.00
300845;90;199.00
300846;90;439.00
300847;90;85.00
300848;90;229.00
300849;90;179.00
300850;90;119.00
300851;90;199.00
300852;90;399.00
300853;90;179.00
300854;90;99.00
300855;90;299.00
300856;90;289.00
300857;90;275.00
300858;90;279.00
300859;90;149.00
300860;90;279.00
300861;90;279.00
300862;90;279.00
300863;90;279.00
300864;90;299.00
300865;90;179.00
300866;90;285.00
300867;90;299.00
300868;90;299.00
300869;90;179.00
300870;90;299.00
300871;90;279.00
300872;90;399.00
300873;90;549.00
300874;90;459.00
300875;90;299.00
300876;90;319.00
300877;90;279.00
300878;90;279.00
300879;90;279.00
300880;90;899.00
300881;90;499.00
300882;90;179.00
300883;90;299.00
300884;90;359.00
300885;90;299.00
300886;90;369.00
300887;90;299.00
300888;90;319.00
300889;90;89.00
300890;90;109.00
300891;90;65.00
300892;90;109.00
300893;90;179.00
300894;90;149.00
300895;90;139.00
300896;90;179.00
300897;90;99.00
300898;90;109.00
300899;90;109.00
300900;90;149.00
300901;90;85.00
300902;90;159.00
300903;90;89.00
300904;90;129.00
300905;90;149.00
300906;90;175.00
300907;90;85.00
300908;90;149.00
300909;90;179.00
300910;90;129.00
300911;90;159.00
300912;90;199.00
300913;90;169.00
300914;90;169.00
300915;90;169.00
300916;90;329.00
300917;90;299.00
300918;90;299.00
300919;90;299.00
300920;90;299.00
300921;90;299.00
300922;90;299.00
300923;90;299.00
300924;90;299.00
300925;90;299.00
300926;90;299.00
300927;90;299.00
300928;90;299.00
300929;90;299.00
300930;90;299.00
300931;90;299.00
300932;90;299.00
300933;90;299.00
300934;90;299.00
300935;90;299.00
300936;90;299.00
300937;90;409.00
300938;90;409.00
300939;90;409.00
300940;90;299.00
300941;90;299.00
300942;90;299.00
300943;90;299.00
300944;90;299.00
300945;90;299.00
300946;90;139.00
300947;90;89.00
300948;90;89.00
300949;90;145.00
300950;90;179.00
300951;90;189.00
300952;90;189.00
300953;90;89.00
300954;90;89.00
300955;90;89.00
300956;90;89.00
300957;90;109.00
300958;90;159.00
300959;90;159.00
300960;90;159.00
300961;90;289.00
300962;90;289.00
300963;90;519.00
300964;90;519.00
300965;90;289.00
300966;90;519.00
300967;90;519.00
300968;90;519.00
300969;90;289.00
300970;90;289.00
300971;90;289.00
300972;90;259.00
300973;90;329.00
300974;90;279.00
300975;90;279.00
300976;90;279.00
300977;90;259.00
300978;90;259.00
300979;90;329.00
300980;90;329.00
300981;90;329.00
300982;90;329.00
300983;90;329.00
300984;90;329.00
300985;90;409.00
300986;90;409.00
300987;90;199.00
300988;90;409.00
300989;90;409.00
300990;90;139.00
300991;90;199.00
300992;90;159.00
300993;90;169.00
300994;90;1299.00
300995;90;1299.00
300996;90;1299.00
300997;90;779.00
300998;90;225.00
300999;90;229.00
301000;90;325.00
301001;90;325.00
301002;90;325.00
301003;90;229.00
301004;90;225.00
301005;90;229.00
301006;90;2299.00
301007;90;1359.00
301008;90;1359.00
301009;90;1599.00
301010;90;2599.00
301011;90;1599.00
301012;90;1599.00
301013;90;1599.00
301014;90;2599.00
301015;90;2299.00
301016;90;2299.00
301017;90;1299.00
301018;90;1299.00
301019;90;1299.00
301020;90;2299.00
301021;90;1599.00
301022;90;2299.00
301023;90;2299.00
301024;90;1049.00
301025;90;1499.00
301026;90;1049.00
301027;90;999.00
301028;90;1499.00
301029;90;779.00
301030;90;1499.00
301031;90;1799.00
301032;90;1799.00
301033;90;999.00
301034;90;599.00
301035;90;599.00
301036;90;599.00
301037;90;599.00
301038;90;599.00
301039;90;599.00
301040;90;649.00
301041;90;729.00
301042;90;899.00
301043;90;629.00
301044;90;739.00
301045;90;639.00
301046;90;979.00
301047;90;749.00
301048;90;759.00
301049;90;499.00
301050;90;399.00
301051;90;439.00
301052;90;399.00
301053;90;429.00
301054;90;649.00
301055;90;649.00
301056;90;1139.00
301057;90;669.00
301058;90;369.00
301059;90;529.00
301060;90;629.00
301061;90;789.00
301062;90;619.00
301063;90;669.00
301064;90;459.00
301065;90;409.00
301066;90;459.00
301067;90;419.00
301068;90;639.00
301069;90;699.00
301070;90;599.00
301071;90;669.00
301072;90;609.00
301073;90;679.00
301074;90;639.00
301075;90;669.00
301076;90;779.00
301077;90;1499.00
301078;90;879.00
301079;90;699.00
301080;90;699.00
301081;90;399.00
301082;90;599.00
301083;90;599.00
301084;90;599.00
301085;90;759.00
301086;90;599.00
301087;90;759.00
301088;90;759.00
301089;90;599.00
301090;90;469.00
301091;90;499.00
301092;90;339.00
301093;90;539.00
301094;90;589.00
301095;90;369.00
301096;90;589.00
301097;90;589.00
301098;90;549.00
301099;90;359.00
301100;90;549.00
301101;90;819.00
301102;90;399.00
301103;90;599.00
301104;90;329.00
301105;90;689.00
301106;90;849.00
301107;90;959.00
301108;90;519.00
301109;90;679.00
301110;90;679.00
301111;90;539.00
301112;90;519.00
301113;90;539.00
301114;90;599.00
301115;90;539.00
301116;90;359.00
301117;90;299.00
301118;90;479.00
301119;90;399.00
301120;90;399.00
301121;90;295.00
301122;90;369.00
301123;90;259.00
301124;90;369.00
301125;90;339.00
301126;90;259.00
301127;90;369.00
301128;90;599.00
301129;90;799.00
301130;90;839.00
301131;90;499.00
301132;90;699.00
301133;90;699.00
301134;90;429.00
301135;90;599.00
301136;90;469.00
301137;90;799.00
301138;90;699.00
301139;90;669.00
301140;90;849.00
301141;90;749.00
301142;90;749.00
301143;90;749.00
301144;90;245.00
301145;90;289.00
301146;90;289.00
301147;90;259.00
301148;90;295.00
301149;90;239.00
301150;90;1099.00
301151;90;295.00
301152;90;295.00
301153;90;295.00
301154;90;295.00
301155;90;295.00
301156;90;599.00
301157;90;295.00
301158;90;619.00
301159;90;295.00
301160;90;759.00
301161;90;799.00
301162;90;519.00
301163;90;939.00
301164;90;439.00
301165;90;503.00
301166;90;503.00
301167;90;499.00
301168;90;503.00
301169;90;939.00
301170;90;583.00
301171;90;575.00
301172;90;999.00
301173;90;519.00
301174;90;519.00
301175;90;383.00
301176;90;619.00
301177;90;503.00
301178;90;499.00
301179;90;519.00
301180;90;519.00
301181;90;519.00
301182;90;799.00
301183;90;999.00
301184;90;999.00
301185;90;799.00
301186;90;1129.00
301187;90;1299.00
301188;90;869.00
301189;90;1199.00
301190;90;1659.00
301191;90;769.00
301192;90;459.00
301193;90;449.00
301194;90;249.00
301195;90;309.00
301196;90;1249.00
301197;90;365.00
301198;90;649.00
301199;90;729.00
301200;90;809.00
301201;90;649.00
301202;90;769.00
301203;90;349.00
301204;90;769.00
301205;90;919.00
301206;90;239.00
301207;90;459.00
301208;90;309.00
301209;90;519.00
301210;90;609.00
301211;90;235.00
301212;90;599.00
301213;90;649.00
301214;90;649.00
301215;90;989.00
301216;90;1219.00
301217;90;1219.00
301218;90;1219.00
301219;90;1469.00
301220;90;1599.00
301221;90;619.00
301222;90;1219.00
301223;90;1059.00
301224;90;619.00
301225;90;999.00
301226;90;999.00
301227;90;999.00
301228;90;999.00
301229;90;799.00
301230;90;499.00
301231;90;799.00
301232;90;799.00
301233;90;799.00
301234;90;799.00
301235;90;799.00
301236;90;699.00
301237;90;699.00
301238;90;699.00
301239;90;699.00
301240;90;649.00
301241;90;649.00
301242;90;649.00
301243;90;649.00
301244;90;649.00
301245;90;799.00
301246;90;799.00
301247;90;649.00
301248;90;649.00
301249;90;649.00
301250;90;649.00
301251;90;2599.00
301252;90;2599.00
301253;90;1699.00
301254;90;5499.00
301255;90;2599.00
301256;90;2599.00
301257;90;2599.00
301258;90;2599.00
301259;90;3399.00
301260;90;2599.00
301261;90;2599.00
301262;90;5999.00
301263;90;1599.00
301264;90;2599.00
301265;90;3399.00
301266;90;3399.00
301267;90;3399.00
301268;90;5999.00
301269;90;3199.00
301270;90;2899.00
301271;90;3199.00
301272;90;2899.00
301273;90;3499.00
301274;90;3199.00
301275;90;2899.00
301276;90;899.00
301277;90;899.00
301278;90;1119.00
301279;90;1119.00
301280;90;1999.00
301281;90;1119.00
301282;90;1119.00
301283;90;1119.00
301284;90;1119.00
301285;90;1999.00
301286;90;1119.00
301287;90;899.00
301288;90;1999.00
301289;90;1999.00
301290;90;1119.00
301291;90;1119.00
301292;90;1119.00
301293;90;1999.00
301294;90;1119.00
301295;90;1119.00
301296;90;1119.00
301297;90;1119.00
301298;90;1119.00
301299;90;1119.00
301300;90;849.00
301301;90;849.00
301302;90;1979.00
301303;90;999.00
301304;90;1999.00
301305;90;999.00
301306;90;999.00
301307;90;849.00
301308;90;999.00
301309;90;1999.00
301310;90;999.00
301311;90;999.00
301312;90;849.00
301313;90;999.00
301314;90;999.00
301315;90;1929.00
301316;90;849.00
301317;90;849.00
301318;90;1999.00
301319;90;999.00
301320;90;1979.00
301321;90;999.00
301322;90;1999.00
301323;90;999.00
301324;90;1929.00
301325;90;849.00
301326;90;999.00
301327;90;999.00
301328;90;999.00
301329;90;849.00
301330;90;999.00
301331;90;999.00
301332;90;849.00
301333;90;849.00
301334;90;1999.00
301335;90;1999.00
301336;90;999.00
301337;90;649.00
301338;90;649.00
301339;90;999.00
301340;90;1649.00
301341;90;999.00
301342;90;999.00
301343;90;1649.00
301344;90;999.00
301345;90;1649.00
301346;90;649.00
301347;90;649.00
301348;90;649.00
301349;90;999.00
301350;90;999.00
301351;90;1649.00
301352;90;999.00
301353;90;999.00
301354;90;999.00
301355;90;999.00
301356;90;1599.00
301357;90;999.00
301358;90;1649.00
301359;90;1649.00
301360;90;649.00
301361;90;649.00
301362;90;1649.00
301363;90;999.00
301364;90;1599.00
301365;90;999.00
301366;90;649.00
301367;90;999.00
301368;90;649.00
301369;90;1649.00
301370;90;649.00
301371;90;1599.00
301372;90;1649.00
301373;90;1599.00
301374;90;2199.00
301375;90;5399.00
301376;90;5399.00
301377;90;2099.00
301378;90;5599.00
301379;90;5399.00
301380;90;5599.00
301381;90;5399.00
301382;90;579.00
301383;90;3479.00
301384;90;3199.00
301385;90;3199.00
301386;90;2499.00
301387;90;1459.00
301388;90;4799.00
301389;90;1999.00
301390;90;1199.00
301391;90;4299.00
301392;90;4299.00
301393;90;3199.00
301394;90;3599.00
301395;90;3199.00
301396;90;3479.00
301397;90;4599.00
301398;90;4799.00
301399;90;8999.00
301400;90;8999.00
301401;90;4199.00
301402;90;4199.00
301403;90;5999.00
301404;90;4449.00
301405;90;4199.00
301406;90;4449.00
301407;90;5999.00
301408;90;5999.00
301409;90;799.00
301410;90;799.00
301411;90;799.00
301412;90;479.00
301413;90;799.00
301414;90;799.00
301415;90;479.00
301416;90;479.00
301417;90;799.00
301418;90;479.00
301419;90;1149.00
301420;90;1149.00
301421;90;1149.00
301422;90;799.00
301423;90;1399.00
301424;90;1199.00
301425;90;1199.00
301426;90;1199.00
301427;90;1199.00
301428;90;799.00
301429;90;479.00
301430;90;1199.00
301431;90;1399.00
301432;90;829.00
301433;90;1199.00
301434;90;799.00
301435;90;1199.00
301436;90;1199.00
301437;90;299.00
301438;90;299.00
301439;90;299.00
301440;90;299.00
301441;90;299.00
301442;90;299.00
301443;90;499.00
301444;90;829.00
301445;90;829.00
301446;90;499.00
301447;90;499.00
301448;90;499.00
301449;90;499.00
301450;90;499.00
301451;90;829.00
301452;90;299.00
301453;90;499.00
301454;90;499.00
301455;90;409.00
301456;90;449.00
301457;90;409.00
301458;90;449.00
301459;90;879.00
301460;90;615.00
301461;90;249.00
301462;90;879.00
301463;90;659.00
301464;90;659.00
301465;90;449.00
301466;90;879.00
301467;90;1179.00
301468;90;659.00
301469;90;659.00
301470;90;965.00
301471;90;879.00
301472;90;1179.00
301473;90;589.00
301474;90;615.00
301475;90;965.00
301476;90;659.00
301477;90;1179.00
301478;90;659.00
301479;90;879.00
301480;90;615.00
301481;90;615.00
301482;90;659.00
301483;90;615.00
301484;90;615.00
301485;90;1099.00
301486;90;1099.00
301487;90;1099.00
301488;90;999.00
301489;90;949.00
301490;90;949.00
301491;90;999.00
301492;90;949.00
301493;90;999.00
301494;90;999.00
301495;90;999.00
301496;90;999.00
301497;90;999.00
301498;90;449.00
301499;90;1099.00
301500;90;1099.00
301501;90;1099.00
301502;90;999.00
301503;90;1649.00
301504;90;999.00
301505;90;499.00
301506;90;1099.00
301507;90;1099.00
301508;90;1099.00
301509;90;499.00
301510;90;1649.00
301511;90;1099.00
301512;90;449.00
301513;90;1099.00
301514;90;1099.00
301515;90;949.00
301516;90;1099.00
301517;90;999.00
301518;90;1099.00
301519;90;1649.00
301520;90;499.00
301521;90;449.00
301522;90;999.00
301523;90;999.00
301524;90;999.00
301525;90;1649.00
301526;90;449.00
301527;90;999.00
301528;90;999.00
301529;90;929.00
301530;90;279.00
301531;90;449.00
301532;90;449.00
301533;90;279.00
301534;90;599.00
301535;90;279.00
301536;90;319.00
301537;90;449.00
301538;90;279.00
301539;90;549.00
301540;90;549.00
301541;90;549.00
301542;90;549.00
301543;90;549.00
301544;90;649.00
301545;90;649.00
301546;90;749.00
301547;90;899.00
301548;90;849.00
301549;90;1049.00
301550;90;999.00
301551;90;749.00
301552;90;849.00
301553;90;899.00
301554;90;1049.00
301555;90;899.00
301556;90;1099.00
301557;90;1439.00
301558;90;1049.00
301559;90;929.00
301560;90;3499.00
301561;90;1899.00
301562;90;1799.00
301563;90;2149.00
301564;90;1799.00
301565;90;1099.00
301566;90;1999.00
301567;90;1099.00
301568;90;1999.00
301569;90;1999.00
301570;90;1099.00
301571;90;799.00
301572;90;1999.00
301573;90;1999.00
301574;90;1999.00
301575;90;529.00
301576;90;529.00
301577;90;1499.00
301578;90;1069.00
301579;90;2799.00
301580;90;529.00
301581;90;529.00
301582;90;2799.00
301583;90;1069.00
301584;90;1099.00
301585;90;2299.00
301586;90;529.00
301587;90;2769.00
301588;90;1199.00
301589;90;2799.00
301590;90;2799.00
301591;90;1399.00
